{"cameraMode":{"drawMode":0,"name":"Shaded","section":"Shading Mode"},"sceneLighting":true,"audioPlay":false,"sceneViewState":{"m_AlwaysRefresh":false,"showFog":true,"showSkybox":true,"showFlares":true,"showImageEffects":true,"showParticleSystems":true,"showVisualEffectGraphs":true,"m_FxEnabled":true},"in2DMode":false,"pivot":{"x":4.8986124992370609,"y":1.320330023765564,"z":0.9023404121398926},"rotation":{"x":0.08750666677951813,"y":-0.9125077724456787,"z":0.2810807228088379,"w":0.28406092524528506},"size":5.382857799530029,"orthographic":false}